model,hf_revision,pages_completed,expected_pages,status,run_id,smoke_run_id,note
amad-iq/amad-vlm6,7daf90cd5e5706173e159c88ca4e6dc2475a485e,462,462,COMPLETE,amad-iq-amad-vlm6__full__7ae0bd41__e300109f4,amad-iq-amad-vlm6__smoke__af996eaa__e300109f4,all pages PASS; 0 failures; 0 retries
amad-iq/amad-vlm5,bb481308f8776cb7e6e5a12f2cca448ab528b89c,462,462,COMPLETE,amad-iq-amad-vlm5__full__679a7b90__e300109f4,amad-iq-amad-vlm5__smoke__53d42047__e300109f4,all pages PASS; 0 failures; 0 retries
tencent/HunyuanOCR,47644ecc4fc854efa4f505155158831f36773ee4,462,462,COMPLETE,tencent-hunyuanocr__full__def73123,tencent-hunyuanocr__smoke__30200dc6,all pages PASS; ran pre-orchestrator on the same frozen corpus/protocol
YasserSami/Qari-OCR-0.4.0-VL-4B-Instruct,2bd09259f868a77cdbfe35fc1dab40dc5c0a7716,462,462,COMPLETE,yassersami-qari-ocr-0-4-0-vl-4b-instruct__full__09f6f187__e4ce1736c,yassersami-qari-ocr-0-4-0-vl-4b-instruct__smoke__30cc9f79__e4ce1736c,all pages PASS; two full-run attempts (attempt 1 paused by server migration at 297 pages); validated 462/462 at 2026-09-20T18:26Z
MBZUAI/AIN,20fc39f8c3cf97afea0ee8e47f43702239edb70d,462,462,COMPLETE,mbzuai-ain__full__46808f9e,mbzuai-ain__smoke__582ffd73 + mbzuai-ain__smoke__60798b1c,all pages PASS; OCR invocation resolved during the resumed session (recorded verbatim in run state; two prompt-candidate smokes passed) (resumed session)
context212/alhazen-ocr,110b461e2389c97f68a1310370afeebb4a0b381f,401,462,PARTIAL_EARLY_STOPPED_NONCOMPETITIVE,context212-alhazen-ocr__full__532ac6c6__effa66a8b,context212-alhazen-ocr__smoke__76b661f7__effa66a8b,401/401 recorded pages PASS; user-authorized controlled stop recorded verbatim as: Controlled ownership handoff authorized by user; Alhazen partial preserved and excluded from competitive 462-page results; full_462_result=false; UNRANKED; not comparable to 462-page results
hastyle/olmOCR-arabic-lora-v2,f436e9a0abc93fc5d31231c294fbc40c6965106f,188,462,PARTIAL_EARLY_STOPPED_NONCOMPETITIVE,hastyle-olmocr-arabic-lora-v2__full__6137cb8b__e7963667b,,"188/188 recorded pages PASS; worker terminated by controller (returncode -15, SIGTERM) at 2026-09-24T11:03:11Z; stop record: status EARLY_STOPPED_NONCOMPETITIVE; full_462_result=false; UNRANKED; not comparable to 462-page results"
AhmedZaky1/DIMI-Arabic-OCR-V2,8a7a293343fc91a6427a8c7a3ce69352870ea8a1,132,462,PARTIAL_EARLY_STOPPED_NONCOMPETITIVE,ahmedzaky1-dimi-arabic-ocr-v2__full__0b9cc407__e596d728a,,"132/132 recorded pages PASS; worker terminated by controller (returncode -15, SIGTERM) at 2026-09-24T11:03:11Z; stop record: status EARLY_STOPPED_NONCOMPETITIVE; full_462_result=false; UNRANKED; not comparable to 462-page results"
loay/Arabic-OCR-DeepSeek-OCR-2,3b279774135bf21835e2bfe6071663f5da227e1c,0,462,FAILED_INCOMPATIBLE,loay-arabic-ocr-deepseek-ocr-2__full__a997b4e1__e1488d635,loay-arabic-ocr-deepseek-ocr-2__smoke__2dc3d4a0,model failed to load on every page: full run 462/462 MODEL_LOAD_ERROR (ValueError); smoke 5/5 MODEL_LOAD_ERROR (StrictDataclassFieldValidationError); three smoke attempts including two transformers-version retries all failed; 0 transcriptions produced; no benchmark result exists
sherif1313/Arabic-GLM-OCR-v2,8c77ea85ff2b3ee29d5fb867ab2397e4418cf491,0,462,FAILED_SMOKE,sherif1313-arabic-glm-ocr-v2__smoke__089fb60a,,"smoke run never completed: first attempt 5/5 FAIL (FileNotFoundError, page images not yet present on that server); retry recorded 2/5 pages PASS then abandoned; a controller-level attempt failed earlier with KeyError: 'auto' (dtype handling); no full run started; no benchmark result exists"
